Workbook

Sheet Per_library
A1: cf-EpiTracing run 20261026 — QC summary per library
A2: hg38+dm6, bowtie2, MAPQ≥30 proper pairs, duplicates removed. TSS/flank = mean signal TSS±500 bp vs 4–5 kb flanks; body active/silent = gene-body signal of active vs silent genes (reference cfEpi_10 H3K4me3). Targets: H3K4me3 TSS/flank ≥10; acetylation >3; H3K36me3 body active/silent >2; IgG ≈1.
A4: Sample | B4: Donor | C4: Prep | D4: Mark | E4: Read pairs | F4: Aligned % | G4: Duplicates % (of aligned) | H4: Unique human fragments | I4: dm6 (S2) fraction | J4: TSS/flank | K4: TSS/genome | L4: Body/genome | M4: Body active/silent | N4: TSS active/silent | O4: Peaks (merged) | P4: GC % (aligned) | Q4: FRiP % | R4: % reads at TSS ±1 kb | S4: % reads in gene bodies | T4: Verdict | U4: Comment
A5: cfEpi_1 | B5: HC1 | C5: HPL | D5: H3K27ac | E5: 58251150 | F5: 62.43 | G5: 93.9 | H5: 1607440 | I5: 0.032 | J5: 5.39 | K5: 12.73 | L5: 2.01 | M5: 1.77 | N5: 15.14 | O5: 60132 | P5: 52.1 | Q5: 42.7 | R5: 12.2 | S5: 61.4 | T5: Use | U5: Test conjugate; best H3K27ac; foreign DNA in batch 1–6
A6: cfEpi_2 | B6: HC1 | C6: HPL | D6: H3K36me3 | E6: 33995549 | F6: 21.03 | G6: 88.1 | H6: 583842 | I6: 0.006 | J6: 1.4 | K6: 2.01 | L6: 1.42 | M6: 0.95 | N6: 1.45 | O6: 17509 | P6: 47.7 | Q6: 11.1 | R6: 2.6 | S6: 49.6 | T6: Exclude | U6: No gene-body enrichment; 21% aligned
A7: cfEpi_3 | B7: HC1 | C7: HPL | D7: IgG | E7: 14717342 | F7: 23.9 | G7: 73.3 | H7: 705971 | I7: 0.002 | J7: 1.23 | K7: 1.67 | L7: 1.33 | M7: 0.98 | N7: 1.3 | O7: 15875 | P7: 46.4 | Q7: 7.9 | R7: 2.1 | S7: 48.8 | T7: Use | U7: Clean background; 24% aligned
A8: cfEpi_4 | B8: HC1 | C8: Chen | D8: H3K27ac | E8: 21471046 | F8: 46.08 | G8: 86 | H8: 1061696 | I8: 0.017 | J8: 4.79 | K8: 10.61 | L8: 1.87 | M8: 1.59 | N8: 12.6 | O8: 40608 | P8: 50.5 | Q8: 27.9 | R8: 10 | S8: 58.1 | T8: Use | U8: Chen prep comparable to HPL
A9: cfEpi_5 | B9: HC1 | C9: Chen | D9: H3K36me3 | E9: 8104510 | F9: 21.41 | G9: 72.8 | H9: 343618 | I9: 0.013 | J9: 1.33 | K9: 1.7 | L9: 1.31 | M9: 1.06 | N9: 1.42 | O9: 6999 | P9: 45.1 | Q9: 7.4 | R9: 2.5 | S9: 48.8 | T9: Exclude | U9: No gene-body enrichment
A10: cfEpi_6 | B10: HC1 | C10: Chen | D10: IgG | E10: 16656297 | F10: 28.11 | G10: 63.1 | H10: 1360636 | I10: 0.001 | J10: 1.41 | K10: 1.98 | L10: 1.39 | M10: 0.99 | N10: 1.41 | O10: 3129 | P10: 48.9 | Q10: 1.5 | R10: 2.4 | S10: 49.6 | T10: Use | U10: Clean background
A11: cfEpi_7 | B11: HC1 | C11: HPL | D11: H3K4me3 | E11: 8488580 | F11: 96.1 | G11: 72.2 | H11: 1663279 | I11: 0.03 | J11: 8.67 | K11: 11.52 | L11: 1.17 | M11: 1.1 | N11: 24.62 | O11: 10587 | P11: 50.4 | Q11: 32 | R11: 26.8 | S11: 57.5 | T11: Use
A12: cfEpi_8 | B12: HC1 | C12: HPL | D12: H3K27ac | E12: 7225322 | F12: 93.38 | G12: 85.9 | H12: 711171 | I12: 0.011 | J12: 4.46 | K12: 6.71 | L12: 1.35 | M12: 1.23 | N12: 10.16 | O12: 17285 | P12: 47.2 | Q12: 15.3 | R12: 10.4 | S12: 53.9 | T12: Use
A13: cfEpi_9 | B13: HC1 | C13: HPL | D13: H3K9ac | E13: 5114468 | F13: 88.75 | G13: 78.5 | H13: 688794 | I13: 0.057 | J13: 4.01 | K13: 5.28 | L13: 1.2 | M13: 0.98 | N13: 6.08 | O13: 690 | P13: 47.1 | Q13: 12.7 | R13: 14.5 | S13: 53.4 | T13: Use | U13: Relabelled (was recorded as H3K36me3); few peaks at this depth
A14: cfEpi_10 | B14: HC1 | C14: HPL | D14: H3K4me3 | E14: 4073425 | F14: 79.53 | G14: 56.4 | H14: 1091616 | I14: 0.016 | J14: 15.78 | K14: 22.18 | L14: 1.09 | M14: 1.22 | N14: ref | O14: 18787 | P14: 53.5 | Q14: 49.1 | R14: 36.3 | S14: 62.8 | T14: Use | U14: Reference for active/silent genes
A15: cfEpi_11 | B15: HC1 | C15: HPL | D15: H3K27ac | E15: 5226253 | F15: 86.53 | G15: 57.5 | H15: 1563067 | I15: 0.003 | J15: 4.32 | K15: 6.75 | L15: 1.43 | M15: 1.17 | N15: 8.77 | O15: 51942 | P15: 49.6 | Q15: 19.7 | R15: 7.8 | S15: 52.7 | T15: Use | U15: Could benefit from deeper sequencing
A16: cfEpi_12 | B16: HC1 | C16: HPL | D16: H3K36me3 | E16: 37008528 | F16: 84.43 | G16: 81.8 | H16: 4407708 | I16: 0.014 | J16: 1.18 | K16: 2.12 | L16: 2.2 | M16: 2.4 | N16: 2.58 | O16: 63460 | P16: 52.1 | Q16: 19.5 | R16: 4.4 | S16: 66.9 | T16: Use | U16: Working H3K36me3
A17: cfEpi_13 | B17: HC1 | C17: HPL | D17: H3K9ac | E17: 3431114 | F17: 58.29 | G17: 64.9 | H17: 547566 | I17: 0.005 | J17: 4.34 | K17: 6.01 | L17: 1.29 | M17: 0.97 | N17: 6.67 | O17: 10725 | P17: 47.7 | Q17: 8.9 | R17: 7.7 | S17: 52 | T17: Use
A18: cfEpi_14 | B18: HC1 | C18: HPL | D18: IgG | E18: 8603181 | F18: 54.69 | G18: 90.4 | H18: 304180 | I18: 0.003 | J18: 1.56 | K18: 1.98 | L18: 1.24 | M18: 0.99 | N18: 2.14 | O18: 4260 | P18: 43.6 | Q18: 6.8 | R18: 4.4 | S18: 49 | T18: Use | U18: Clean background; low complexity
A19: cfEpi_15 | B19: HC8 | C19: HPL | D19: H3K4me3 | E19: 7132357 | F19: 53.29 | G19: 85 | H19: 432123 | I19: 0.019 | J19: 18.7 | K19: 32.7 | L19: 1.23 | M19: 0.95 | N19: 42.87 | O19: 13356 | P19: 52.7 | Q19: 36.3 | R19: 27.5 | S19: 60.1 | T19: Use | U19: Strongest H3K4me3; low complexity
A20: cfEpi_16 | B20: HC8 | C20: HPL | D20: H3K27ac | E20: 7532211 | F20: 54.94 | G20: 87.1 | H20: 394988 | I20: 0.019 | J20: 4.06 | K20: 7.47 | L20: 1.65 | M20: 1.25 | N20: 7.05 | O20: 7834 | P20: 47.8 | Q20: 7.6 | R20: 7.5 | S20: 55.6 | T20: Use | U20: Low complexity
A21: cfEpi_17 | B21: HC8 | C21: HPL | D21: H3K36me3 | E21: 13677919 | F21: 87.4 | G21: 57.4 | H21: 4195353 | I21: 0.007 | J21: 0.83 | K21: 1.47 | L21: 2.03 | M21: 1.72 | N21: 1.23 | O21: 30940 | P21: 52.9 | Q21: 6.7 | R21: 2.1 | S21: 59.6 | T21: Caution | U21: Gene-body enrichment confirmed in log2(H3K36me3/IgG) profile; weaker than cfEpi_12; r=0.78 with cfEpi_12
A22: cfEpi_18 | B22: HC8 | C22: HPL | D22: H3K9ac | E22: 8359901 | F22: 41.02 | G22: 84.2 | H22: 391437 | I22: 0.008 | J22: 3.88 | K22: 7.19 | L22: 1.68 | M22: 1.19 | N22: 7.13 | O22: 6456 | P22: 48 | Q22: 7.1 | R22: 8.3 | S22: 55 | T22: Use | U22: Low complexity
A23: cfEpi_19 | B23: HC8 | C23: HPL | D23: IgG | E23: 7875800 | F23: 60.23 | G23: 65.2 | H23: 1327781 | I23: 0.001 | J23: 1.36 | K23: 2.03 | L23: 1.49 | M23: 1 | N23: 1.43 | O23: 2764 | P23: 47.4 | Q23: 1.1 | R23: 2.3 | S23: 49.7 | T23: Use | U23: Clean background
A24: cfEpi_20 | B24: HC9 | C24: HPL | D24: H3K4me3 | E24: 8371828 | F24: 61.76 | G24: 67.4 | H24: 1130303 | I24: 0.12 | J24: 14.47 | K24: 17.86 | L24: 1.02 | M24: 1.13 | N24: 31.93 | O24: 22058 | P24: 51.4 | Q24: 40.8 | R24: 29.8 | S24: 59.7 | T24: Use | U24: High dm6 (HC9)
A25: cfEpi_21 | B25: HC9 | C25: HPL | D25: H3K27ac | E25: 7716460 | F25: 64.61 | G25: 67 | H25: 1026433 | I25: 0.156 | J25: 3.67 | K25: 3.65 | L25: 0.93 | M25: 1.12 | N25: 6.6 | O25: 587 | P25: 47.8 | Q25: 28.2 | R25: 25.5 | S25: 57.3 | T25: Use | U25: Few peaks; high dm6
A26: cfEpi_22 | B26: HC9 | C26: HPL | D26: H3K36me3 | E26: 11179542 | F26: 88.44 | G26: 56.4 | H26: 2967850 | I26: 0.129 | J26: 1.06 | K26: 1.63 | L26: 1.74 | M26: 1.8 | N26: 1.85 | O26: 8134 | P26: 50.4 | Q26: 11.5 | R26: 9.5 | S26: 60.7 | T26: Caution | U26: Gene-body enrichment confirmed in log2(H3K36me3/IgG) profile; weakest donor; r=0.74–0.77 with cfEpi_12/17
A27: cfEpi_23 | B27: HC9 | C27: HPL | D27: H3K9ac | E27: 7055235 | F27: 74.98 | G27: 70.8 | H27: 919267 | I27: 0.175 | J27: 4.15 | K27: 4.11 | L27: 0.92 | M27: 1.01 | N27: 5.78 | O27: 657 | P27: 47.4 | Q27: 28.2 | R27: 25.7 | S27: 56.7 | T27: Use | U27: Few peaks; high dm6
A28: cfEpi_24 | B28: HC9 | C28: HPL | D28: IgG | E28: 6074464 | F28: 51.58 | G28: 84.3 | H28: 220232 | I28: 0.281 | J28: 4.81 | K28: 6.78 | L28: 1.29 | M28: 1.11 | N28: 8.81 | O28: 2720 | P28: 46.1 | Q28: 14.8 | R28: 14.3 | S28: 54.9 | T28: Exclude | U28: Promoter-like signal: contaminated IgG; lowest complexity

Sheet By_mark
A1: Summary by mark (libraries marked "Use" or "Caution"; excluded libraries left out)
A3: Mark | B3: Libraries used | C3: Mean TSS/flank | D3: Mean body active/silent | E3: Mean unique fragments | F3: Mean duplicates % | G3: Excluded | H3: Overall assessment | I3: Mean FRiP % | J3: Mean % reads at TSS | K3: Mean % reads in gene bodies
A4: H3K4me3 | B4: =COUNTIFS(Per_library!$D$5:$D$28,A4,Per_library!$T$5:$T$28,"<>Exclude") -> 4 | C4: =AVERAGEIFS(Per_library!$J$5:$J$28,Per_library!$D$5:$D$28,A4,Per_library!$T$5:$T$28,"<>Exclude") -> 14.405 | D4: =AVERAGEIFS(Per_library!$M$5:$M$28,Per_library!$D$5:$D$28,A4,Per_library!$T$5:$T$28,"<>Exclude") -> 1.1 | E4: =AVERAGEIFS(Per_library!$H$5:$H$28,Per_library!$D$5:$D$28,A4,Per_library!$T$5:$T$28,"<>Exclude") -> 1079330.2 | F4: =AVERAGEIFS(Per_library!$G$5:$G$28,Per_library!$D$5:$D$28,A4,Per_library!$T$5:$T$28,"<>Exclude") -> 70.25 | G4: =COUNTIFS(Per_library!$D$5:$D$28,A4,Per_library!$T$5:$T$28,"Exclude") -> 0 | H4: Most robust: strong in all 3 donors; use as positive control every run | I4: =AVERAGEIFS(Per_library!$Q$5:$Q$28,Per_library!$D$5:$D$28,A4,Per_library!$T$5:$T$28,"<>Exclude") -> 39.55 | J4: =AVERAGEIFS(Per_library!$R$5:$R$28,Per_library!$D$5:$D$28,A4,Per_library!$T$5:$T$28,"<>Exclude") -> 30.1 | K4: =AVERAGEIFS(Per_library!$S$5:$S$28,Per_library!$D$5:$D$28,A4,Per_library!$T$5:$T$28,"<>Exclude") -> 60.025
A5: H3K27ac | B5: =COUNTIFS(Per_library!$D$5:$D$28,A5,Per_library!$T$5:$T$28,"<>Exclude") -> 6 | C5: =AVERAGEIFS(Per_library!$J$5:$J$28,Per_library!$D$5:$D$28,A5,Per_library!$T$5:$T$28,"<>Exclude") -> 4.4483333 | D5: =AVERAGEIFS(Per_library!$M$5:$M$28,Per_library!$D$5:$D$28,A5,Per_library!$T$5:$T$28,"<>Exclude") -> 1.355 | E5: =AVERAGEIFS(Per_library!$H$5:$H$28,Per_library!$D$5:$D$28,A5,Per_library!$T$5:$T$28,"<>Exclude") -> 1060799.2 | F5: =AVERAGEIFS(Per_library!$G$5:$G$28,Per_library!$D$5:$D$28,A5,Per_library!$T$5:$T$28,"<>Exclude") -> 79.566667 | G5: =COUNTIFS(Per_library!$D$5:$D$28,A5,Per_library!$T$5:$T$28,"Exclude") -> 0 | H5: Reliable in all 6; new conjugate (cfEpi_1) best; HPL ≈ Chen | I5: =AVERAGEIFS(Per_library!$Q$5:$Q$28,Per_library!$D$5:$D$28,A5,Per_library!$T$5:$T$28,"<>Exclude") -> 23.566667 | J5: =AVERAGEIFS(Per_library!$R$5:$R$28,Per_library!$D$5:$D$28,A5,Per_library!$T$5:$T$28,"<>Exclude") -> 12.233333 | K5: =AVERAGEIFS(Per_library!$S$5:$S$28,Per_library!$D$5:$D$28,A5,Per_library!$T$5:$T$28,"<>Exclude") -> 56.5
A6: H3K9ac | B6: =COUNTIFS(Per_library!$D$5:$D$28,A6,Per_library!$T$5:$T$28,"<>Exclude") -> 4 | C6: =AVERAGEIFS(Per_library!$J$5:$J$28,Per_library!$D$5:$D$28,A6,Per_library!$T$5:$T$28,"<>Exclude") -> 4.095 | D6: =AVERAGEIFS(Per_library!$M$5:$M$28,Per_library!$D$5:$D$28,A6,Per_library!$T$5:$T$28,"<>Exclude") -> 1.0375 | E6: =AVERAGEIFS(Per_library!$H$5:$H$28,Per_library!$D$5:$D$28,A6,Per_library!$T$5:$T$28,"<>Exclude") -> 636766 | F6: =AVERAGEIFS(Per_library!$G$5:$G$28,Per_library!$D$5:$D$28,A6,Per_library!$T$5:$T$28,"<>Exclude") -> 74.6 | G6: =COUNTIFS(Per_library!$D$5:$D$28,A6,Per_library!$T$5:$T$28,"Exclude") -> 0 | H6: Reliable and consistent in all donors | I6: =AVERAGEIFS(Per_library!$Q$5:$Q$28,Per_library!$D$5:$D$28,A6,Per_library!$T$5:$T$28,"<>Exclude") -> 14.225 | J6: =AVERAGEIFS(Per_library!$R$5:$R$28,Per_library!$D$5:$D$28,A6,Per_library!$T$5:$T$28,"<>Exclude") -> 14.05 | K6: =AVERAGEIFS(Per_library!$S$5:$S$28,Per_library!$D$5:$D$28,A6,Per_library!$T$5:$T$28,"<>Exclude") -> 54.275
A7: H3K36me3 | B7: =COUNTIFS(Per_library!$D$5:$D$28,A7,Per_library!$T$5:$T$28,"<>Exclude") -> 3 | C7: =AVERAGEIFS(Per_library!$J$5:$J$28,Per_library!$D$5:$D$28,A7,Per_library!$T$5:$T$28,"<>Exclude") -> 1.0233333 | D7: =AVERAGEIFS(Per_library!$M$5:$M$28,Per_library!$D$5:$D$28,A7,Per_library!$T$5:$T$28,"<>Exclude") -> 1.9733333 | E7: =AVERAGEIFS(Per_library!$H$5:$H$28,Per_library!$D$5:$D$28,A7,Per_library!$T$5:$T$28,"<>Exclude") -> 3856970.3 | F7: =AVERAGEIFS(Per_library!$G$5:$G$28,Per_library!$D$5:$D$28,A7,Per_library!$T$5:$T$28,"<>Exclude") -> 65.2 | G7: =COUNTIFS(Per_library!$D$5:$D$28,A7,Per_library!$T$5:$T$28,"Exclude") -> 2 | H7: Inconsistent: cfEpi_12 works, 17/22 borderline, 2/5 failed; optimise beads/antibody amount | I7: =AVERAGEIFS(Per_library!$Q$5:$Q$28,Per_library!$D$5:$D$28,A7,Per_library!$T$5:$T$28,"<>Exclude") -> 12.566667 | J7: =AVERAGEIFS(Per_library!$R$5:$R$28,Per_library!$D$5:$D$28,A7,Per_library!$T$5:$T$28,"<>Exclude") -> 5.3333333 | K7: =AVERAGEIFS(Per_library!$S$5:$S$28,Per_library!$D$5:$D$28,A7,Per_library!$T$5:$T$28,"<>Exclude") -> 62.4
A8: IgG | B8: =COUNTIFS(Per_library!$D$5:$D$28,A8,Per_library!$T$5:$T$28,"<>Exclude") -> 4 | C8: =AVERAGEIFS(Per_library!$J$5:$J$28,Per_library!$D$5:$D$28,A8,Per_library!$T$5:$T$28,"<>Exclude") -> 1.39 | D8: =AVERAGEIFS(Per_library!$M$5:$M$28,Per_library!$D$5:$D$28,A8,Per_library!$T$5:$T$28,"<>Exclude") -> 0.99 | E8: =AVERAGEIFS(Per_library!$H$5:$H$28,Per_library!$D$5:$D$28,A8,Per_library!$T$5:$T$28,"<>Exclude") -> 924642 | F8: =AVERAGEIFS(Per_library!$G$5:$G$28,Per_library!$D$5:$D$28,A8,Per_library!$T$5:$T$28,"<>Exclude") -> 73 | G8: =COUNTIFS(Per_library!$D$5:$D$28,A8,Per_library!$T$5:$T$28,"Exclude") -> 1 | H8: Clean except cfEpi_24 (contaminated); include an IgG per donor/batch | I8: =AVERAGEIFS(Per_library!$Q$5:$Q$28,Per_library!$D$5:$D$28,A8,Per_library!$T$5:$T$28,"<>Exclude") -> 4.325 | J8: =AVERAGEIFS(Per_library!$R$5:$R$28,Per_library!$D$5:$D$28,A8,Per_library!$T$5:$T$28,"<>Exclude") -> 2.8 | K8: =AVERAGEIFS(Per_library!$S$5:$S$28,Per_library!$D$5:$D$28,A8,Per_library!$T$5:$T$28,"<>Exclude") -> 49.275

Sheet By_batch
A1: Summary by batch
A3: Batch | B3: Libraries | C3: Mean aligned % | D3: Mean duplicates % | E3: Mean unique fragments | F3: Mean dm6 fraction | G3: Notes
A4: cfEpi_1–6 (HC1, re-cleaned) | B4: =COUNTA(Per_library!A5:A10) -> 6 | C4: =AVERAGE(Per_library!F5:F10) -> 33.826667 | D4: =AVERAGE(Per_library!G5:G10) -> 79.533333 | E4: =AVERAGE(Per_library!H5:H10) -> 943867.17 | F4: =AVERAGE(Per_library!I5:I10) -> 0.011833333 | G4: Low alignment from foreign (non-human, non-E. coli) DNA; source under investigation
A5: cfEpi_7–14 (HC1) | B5: =COUNTA(Per_library!A11:A18) -> 8 | C5: =AVERAGE(Per_library!F11:F18) -> 80.2125 | D5: =AVERAGE(Per_library!G11:G18) -> 73.45 | E5: =AVERAGE(Per_library!H11:H18) -> 1372172.6 | F5: =AVERAGE(Per_library!I11:I18) -> 0.017375 | G5: Best alignment; best single H3K36me3 (cfEpi_12)
A6: cfEpi_15–24 (HC8, HC9) | B6: =COUNTA(Per_library!A19:A28) -> 10 | C6: =AVERAGE(Per_library!F19:F28) -> 63.825 | D6: =AVERAGE(Per_library!G19:G28) -> 72.48 | E6: =AVERAGE(Per_library!H19:H28) -> 1300576.7 | F6: =AVERAGE(Per_library!I19:I28) -> 0.0915 | G6: Strongest H3K4me3; H3K36me3 near-pass in both donors; HC9 high dm6; IgG cfEpi_24 contaminated

Sheet vs_Chen2026
A1: Comparison with Chen et al., Nature 2026 (Extended Data figure: cf-EpiTracing vs cfChIP by plasma volume)
A2: Chen et al. values read from the published figure (small print; approximate). "Reads" as labelled in the figure. This study: 200 µl plasma, usable libraries; reads = unique human reads after filtering (2 × unique fragments). DOI 10.1038/s41586-026-10224-0
A4: Mark | B4: Source | C4: Plasma volume | D4: Reads (M) | E4: FRiP % | F4: Peaks
A5: H3K4me3 | B5: Chen et al. cf-EpiTracing | C5: 25 µl | D5: 1.9 | E5: 56.6 | F5: 13646
A6: H3K4me3 | B6: Chen et al. cf-EpiTracing | C6: 50 µl | D6: 3.6 | E6: 61.6 | F6: 35295
A7: H3K4me3 | B7: Chen et al. cf-EpiTracing | C7: 100 µl | D7: 3.1 | E7: 63.9 | F7: 20603
A8: H3K4me3 | B8: Chen et al. cf-EpiTracing | C8: 200 µl | D8: 4.7 | E8: 72.5 | F8: 30292
A9: H3K4me3 | B9: Chen et al. cf-EpiTracing | C9: 500 µl | D9: 4.5 | E9: 71.1 | F9: 33706
A10: H3K4me3 | B10: Chen et al. cf-EpiTracing | C10: 1,000 µl | D10: 4.2 | E10: 72 | F10: 29975
A11: H3K4me3 | B11: Chen et al. cfChIP (Sadeh et al.) | C11: 25 µl | D11: 0.2 | E11: 16.2 | F11: 5478
A12: H3K4me3 | B12: Chen et al. cfChIP (Sadeh et al.) | C12: 200 µl | D12: 0.4 | E12: 16.9 | F12: 5082
A13: H3K4me3 | B13: Chen et al. cfChIP (Sadeh et al.) | C13: 1,000 µl | D13: 0.5 | E13: 25.7 | F13: 17170
A14: H3K4me3 | B14: This study cfEpi_7 (HC1) | C14: 200 µl | D14: 3.3 | E14: 32 | F14: 10587
A15: H3K4me3 | B15: This study cfEpi_10 (HC1) | C15: 200 µl | D15: 2.2 | E15: 49.1 | F15: 18787
A16: H3K4me3 | B16: This study cfEpi_15 (HC8) | C16: 200 µl | D16: 0.9 | E16: 36.3 | F16: 13356
... A32: H3K27ac | B32: This study cfEpi_21 (HC9) | C32: 200 µl | D32: 2.1 | E32: 28.2 | F32: 587
